{"coverage": 57.121986851716585, "raw_data": {"meta": {"format": 2, "version": "7.5.2", "timestamp": "2024-05-28T12:55:40.575217", "branch_coverage": false, "show_contexts": false}, "files": {"src/senzing_grpc/__init__.py": {"executed_lines": [1, 19, 20, 21, 22, 23, 25], "summary": {"covered_lines": 7, "num_statements": 7, "percent_covered": 100.0, "percent_covered_display": "100", "missing_lines": 0, "excluded_lines": 0}, "missing_lines": [], "excluded_lines": []}, "src/senzing_grpc/pb2_grpc/__init__.py": {"executed_lines": [0, 1], "summary": {"covered_lines": 0, "num_statements": 0, "percent_covered": 100.0, "percent_covered_display": "100", "missing_lines": 0, "excluded_lines": 0}, "missing_lines": [], "excluded_lines": []}, "src/senzing_grpc/pb2_grpc/szconfig_pb2.py": {"executed_lines": [5, 6, 7, 8, 9, 13, 16, 20, 21, 22, 23], "summary": {"covered_lines": 10, "num_statements": 42, "percent_covered": 23.80952380952381, "percent_covered_display": "24", "missing_lines": 32, "excluded_lines": 0}, "missing_lines": [24, 25, 28, 29, 30, 31, 32, 33, 34, 35, 36, 37, 38, 39, 40, 41, 42, 43, 44, 45, 46, 47, 48, 49, 50, 51, 52, 53, 54, 55, 56, 57], "excluded_lines": []}, "src/senzing_grpc/pb2_grpc/szconfig_pb2_grpc.py": {"executed_lines": [2, 3, 5, 8, 9, 11, 17, 22, 27, 32, 37, 42, 47, 54, 55, 57, 63, 69, 75, 81, 87, 93, 100, 145, 146, 148, 149, 177, 178, 206, 207, 235, 236, 264, 265, 293, 294, 322, 323], "summary": {"covered_lines": 35, "num_statements": 66, "percent_covered": 53.03030303030303, "percent_covered_display": "53", "missing_lines": 31, "excluded_lines": 0}, "missing_lines": [59, 60, 61, 65, 66, 67, 71, 72, 73, 77, 78, 79, 83, 84, 85, 89, 90, 91, 95, 96, 97, 101, 138, 141, 161, 190, 219, 248, 277, 306, 335], "excluded_lines": []}, "src/senzing_grpc/pb2_grpc/szconfigmanager_pb2.py": {"executed_lines": [5, 6, 7, 8, 9, 13, 16, 20, 21, 22, 23], "summary": {"covered_lines": 10, "num_statements": 38, "percent_covered": 26.31578947368421, "percent_covered_display": "26", "missing_lines": 28, "excluded_lines": 0}, "missing_lines": [24, 25, 28, 29, 30, 31, 32, 33, 34, 35, 36, 37, 38, 39, 40, 41, 42, 43, 44, 45, 46, 47, 48, 49, 50, 51, 52, 53], "excluded_lines": []}, "src/senzing_grpc/pb2_grpc/szconfigmanager_pb2_grpc.py": {"executed_lines": [2, 3, 5, 8, 9, 11, 17, 22, 27, 32, 37, 42, 49, 50, 52, 58, 64, 70, 76, 82, 89, 129, 130, 132, 133, 161, 162, 190, 191, 219, 220, 248, 249, 277, 278], "summary": {"covered_lines": 31, "num_statements": 58, "percent_covered": 53.44827586206897, "percent_covered_display": "53", "missing_lines": 27, "excluded_lines": 0}, "missing_lines": [54, 55, 56, 60, 61, 62, 66, 67, 68, 72, 73, 74, 78, 79, 80, 84, 85, 86, 90, 122, 125, 145, 174, 203, 232, 261, 290], "excluded_lines": []}, "src/senzing_grpc/pb2_grpc/szdiagnostic_pb2.py": {"executed_lines": [5, 6, 7, 8, 9, 13, 16, 20, 21, 22, 23], "summary": {"covered_lines": 10, "num_statements": 30, "percent_covered": 33.333333333333336, "percent_covered_display": "33", "missing_lines": 20, "excluded_lines": 0}, "missing_lines": [24, 25, 28, 29, 30, 31, 32, 33, 34, 35, 36, 37, 38, 39, 40, 41, 42, 43, 44, 45], "excluded_lines": []}, "src/senzing_grpc/pb2_grpc/szdiagnostic_pb2_grpc.py": {"executed_lines": [2, 3, 5, 8, 9, 11, 17, 22, 27, 32, 39, 40, 42, 48, 54, 60, 67, 97, 98, 100, 101, 129, 130, 158, 159, 187, 188], "summary": {"covered_lines": 23, "num_statements": 42, "percent_covered": 54.76190476190476, "percent_covered_display": "55", "missing_lines": 19, "excluded_lines": 0}, "missing_lines": [44, 45, 46, 50, 51, 52, 56, 57, 58, 62, 63, 64, 68, 90, 93, 113, 142, 171, 200], "excluded_lines": []}, "src/senzing_grpc/pb2_grpc/szengine_pb2.py": {"executed_lines": [5, 6, 7, 8, 9, 13, 16, 20, 21, 22, 23], "summary": {"covered_lines": 10, "num_statements": 138, "percent_covered": 7.246376811594203, "percent_covered_display": "7", "missing_lines": 128, "excluded_lines": 0}, "missing_lines": [24, 25, 28, 29, 30, 31, 32, 33, 34, 35, 36, 37, 38, 39, 40, 41, 42, 43, 44, 45, 46, 47, 48, 49, 50, 51, 52, 53, 54, 55, 56, 57, 58, 59, 60, 61, 62, 63, 64, 65, 66, 67, 68, 69, 70, 71, 72, 73, 74, 75, 76, 77, 78, 79, 80, 81, 82, 83, 84, 85, 86, 87, 88, 89, 90, 91, 92, 93, 94, 95, 96, 97, 98, 99, 100, 101, 102, 103, 104, 105, 106, 107, 108, 109, 110, 111, 112, 113, 114, 115, 116, 117, 118, 119, 120, 121, 122, 123, 124, 125, 126, 127, 128, 129, 130, 131, 132, 133, 134, 135, 136, 137, 138, 139, 140, 141, 142, 143, 144, 145, 146, 147, 148, 149, 150, 151, 152, 153], "excluded_lines": []}, "src/senzing_grpc/pb2_grpc/szengine_pb2_grpc.py": {"executed_lines": [2, 3, 5, 8, 9, 11, 17, 22, 27, 32, 37, 42, 47, 52, 57, 62, 67, 72, 77, 82, 87, 92, 97, 102, 107, 112, 117, 122, 127, 132, 137, 142, 147, 152, 157, 162, 167, 174, 175, 177, 183, 189, 195, 201, 207, 213, 219, 225, 231, 237, 243, 249, 255, 261, 267, 273, 279, 285, 291, 297, 303, 309, 315, 321, 327, 333, 339, 345, 351, 357, 364, 529, 530, 532, 533, 561, 562, 590, 591, 619, 620, 648, 649, 677, 678, 706, 707, 735, 736, 764, 765, 793, 794, 822, 823, 851, 852, 880, 881, 909, 910, 938, 939, 967, 968, 996, 997, 1025, 1026, 1054, 1055, 1083, 1084, 1112, 1113, 1141, 1142, 1170, 1171, 1199, 1200, 1228, 1229, 1257, 1258, 1286, 1287, 1315, 1316, 1344, 1345, 1373, 1374, 1402, 1403], "summary": {"covered_lines": 131, "num_statements": 258, "percent_covered": 50.775193798449614, "percent_covered_display": "51", "missing_lines": 127, "excluded_lines": 0}, "missing_lines": [179, 180, 181, 185, 186, 187, 191, 192, 193, 197, 198, 199, 203, 204, 205, 209, 210, 211, 215, 216, 217, 221, 222, 223, 227, 228, 229, 233, 234, 235, 239, 240, 241, 245, 246, 247, 251, 252, 253, 257, 258, 259, 263, 264, 265, 269, 270, 271, 275, 276, 277, 281, 282, 283, 287, 288, 289, 293, 294, 295, 299, 300, 301, 305, 306, 307, 311, 312, 313, 317, 318, 319, 323, 324, 325, 329, 330, 331, 335, 336, 337, 341, 342, 343, 347, 348, 349, 353, 354, 355, 359, 360, 361, 365, 522, 525, 545, 574, 603, 632, 661, 690, 719, 748, 777, 806, 835, 864, 893, 922, 951, 980, 1009, 1038, 1067, 1096, 1125, 1154, 1183, 1212, 1241, 1270, 1299, 1328, 1357, 1386, 1415], "excluded_lines": []}, "src/senzing_grpc/pb2_grpc/szhasher_pb2.py": {"executed_lines": [], "summary": {"covered_lines": 0, "num_statements": 33, "percent_covered": 0.0, "percent_covered_display": "0", "missing_lines": 33, "excluded_lines": 0}, "missing_lines": [5, 6, 7, 8, 12, 15, 19, 20, 21, 22, 23, 24, 25, 26, 27, 28, 29, 30, 31, 32, 33, 34, 35, 36, 37, 38, 39, 40, 41, 42, 43, 44, 45], "excluded_lines": []}, "src/senzing_grpc/pb2_grpc/szhasher_pb2_grpc.py": {"executed_lines": [], "summary": {"covered_lines": 0, "num_statements": 50, "percent_covered": 0.0, "percent_covered_display": "0", "missing_lines": 50, "excluded_lines": 0}, "missing_lines": [7, 9, 12, 15, 21, 26, 31, 36, 41, 48, 51, 53, 54, 55, 57, 59, 60, 61, 63, 65, 66, 67, 69, 71, 72, 73, 75, 77, 78, 79, 82, 83, 110, 113, 117, 120, 121, 133, 149, 150, 162, 178, 179, 191, 207, 208, 220, 236, 237, 249], "excluded_lines": []}, "src/senzing_grpc/pb2_grpc/szproduct_pb2.py": {"executed_lines": [5, 6, 7, 8, 9, 13, 16, 20, 21, 22, 23], "summary": {"covered_lines": 10, "num_statements": 22, "percent_covered": 45.45454545454545, "percent_covered_display": "45", "missing_lines": 12, "excluded_lines": 0}, "missing_lines": [24, 25, 28, 29, 30, 31, 32, 33, 34, 35, 36, 37], "excluded_lines": []}, "src/senzing_grpc/pb2_grpc/szproduct_pb2_grpc.py": {"executed_lines": [2, 3, 5, 8, 9, 11, 17, 22, 29, 30, 32, 38, 45, 65, 66, 68, 69, 97, 98], "summary": {"covered_lines": 15, "num_statements": 26, "percent_covered": 57.69230769230769, "percent_covered_display": "58", "missing_lines": 11, "excluded_lines": 0}, "missing_lines": [34, 35, 36, 40, 41, 42, 46, 58, 61, 81, 110], "excluded_lines": []},